PLAYER_ID,PLAYER_NAME,TEAM_ABBREVIATION,AGE,SEASON,RA_OPP_FGM,RA_OPP_FGA,RA_OPP_FG_PCT,RA_FREQ,PAINT_NON_RA_OPP_FGM,PAINT_NON_RA_OPP_FGA,PAINT_NON_RA_OPP_FG_PCT,PAINT_W_RA_FREQ,PAINT_NO_RA_FREQ,GP,MIN,BLK,DEF_RIM_FGM,DEF_RIM_FGA,DEF_RIM_FG_PCT,Minutes On,Minutes Off,OPP_RIM_FREQ_ON,OPP_RIM_FREQ_OFF,OPP_RIM_FREQ_ON-OFF,OPP_RIM_FG_ON,OPP_RIM_FG_OFF,OPP_RIM_FG_ON-OFF,BlockedAtRim,DefensiveGoaltends,Blocks,GAMES,DEF_POSS,OFF_POSS,POSITION,gp_diff
203458,Alex Len,PHX,21.0,2013-14,121.0,196.0,0.617,31.3,47.0,118.0,0.398,50.2,18.8,42,362.0,18,47,73,0.644,362.0,3589.0,31.2,34.0,-2.8000000000000007,62.1,61.199999999999996,0.9000000000000057,9.0,0.0,18.0,41.0,722.0,734.0,C,1.0
202087,Alonzo Gee,CLE,27.0,2013-14,346.0,539.0,0.642,30.0,84.0,236.0,0.356,43.2,13.1,65,1020.0,15,41,55,0.745,1020.0,2966.0,29.799999999999997,28.199999999999996,1.6000000000000014,64.3,62.4,1.8999999999999986,9.0,1.0,15.0,64.0,2026.0,1983.0,F,1.0
201576,Anthony Randolph,DEN,24.0,2013-14,183.0,325.0,0.563,34.0,52.0,126.0,0.413,47.2,13.2,43,527.0,19,38,69,0.551,527.0,3424.0,33.900000000000006,33.1,0.8000000000000043,56.49999999999999,61.0,-4.500000000000007,17.0,0.0,19.0,42.0,1090.0,1081.0,F,1.0
203382,Aron Baynes,SAS,27.0,2013-14,153.0,240.0,0.638,29.0,77.0,153.0,0.503,47.4,18.5,53,491.0,5,46,77,0.597,491.0,3460.0,28.799999999999997,30.7,-1.9000000000000021,64.0,58.099999999999994,5.900000000000006,4.0,1.0,5.0,52.0,980.0,977.0,C-F,1.0
203142,Chris Copeland,IND,30.0,2013-14,77.0,137.0,0.562,31.6,35.0,70.0,0.5,47.7,16.1,41,265.0,7,18,31,0.581,265.0,3691.0,31.6,29.099999999999998,2.5000000000000036,56.2,52.800000000000004,3.3999999999999986,5.0,0.0,7.0,39.0,512.0,518.0,F,2.0
202332,Cole Aldrich,NYK,25.0,2013-14,88.0,171.0,0.515,30.9,25.0,64.0,0.391,42.4,11.6,46,330.0,30,31,77,0.403,330.0,3641.0,30.9,33.800000000000004,-2.9000000000000057,51.5,62.4,-10.899999999999999,26.0,0.0,30.0,44.0,644.0,642.0,C,2.0
202345,Damion James,SAS,26.0,2013-14,17.0,24.0,0.708,28.2,12.0,23.0,0.522,55.3,27.1,5,50.0,1,3,3,1.0,50.0,3901.0,27.1,30.5,-3.3999999999999986,73.9,58.599999999999994,15.300000000000011,0.0,1.0,1.0,4.0,99.0,100.0,F,1.0
202350,Daniel Orton,PHI,23.0,2013-14,80.0,118.0,0.678,28.2,21.0,58.0,0.362,42.1,13.9,22,251.0,16,16,30,0.533,251.0,3720.0,28.199999999999996,34.1,-5.900000000000006,67.80000000000001,62.9,4.900000000000013,10.0,2.0,16.0,21.0,513.0,512.0,C,1.0
202354,Dexter Pittman,ATL,26.0,2013-14,2.0,2.0,1.0,,0.0,0.0,0.0,,,2,3.0,0,0,0,0.0,3.0,3963.0,28.599999999999998,32.4,-3.8000000000000007,100.0,60.699999999999996,39.300000000000004,0.0,0.0,0.0,1.0,5.0,3.0,C,1.0
202700,Donatas Motiejunas,HOU,23.0,2013-14,302.0,513.0,0.589,30.4,106.0,266.0,0.398,46.1,15.7,62,952.0,21,72,119,0.605,952.0,3014.0,30.3,31.5,-1.1999999999999993,58.8,61.8,-3.0,10.0,1.0,21.0,61.0,1943.0,1944.0,F-C,1.0
203513,Erik Murphy,CHI,23.0,2013-14,17.0,31.0,0.548,29.2,6.0,11.0,0.545,39.6,10.4,24,62.0,4,5,11,0.455,62.0,3924.0,29.2,30.2,-1.0,54.800000000000004,57.3,-2.499999999999993,3.0,0.0,4.0,22.0,124.0,123.0,F,2.0
200756,Hilton Armstrong,GSW,29.0,2013-14,31.0,50.0,0.62,30.3,10.0,25.0,0.4,45.5,15.2,15,97.0,4,10,22,0.455,97.0,3869.0,30.3,28.1,2.1999999999999993,62.0,60.199999999999996,1.8000000000000043,4.0,0.0,4.0,12.0,192.0,194.0,F-C,3.0
203109,Jae Crowder,DAL,23.0,2013-14,370.0,614.0,0.603,29.6,127.0,323.0,0.393,45.2,15.6,78,1254.0,21,53,76,0.697,1253.0,2713.0,29.5,33.5,-4.0,60.3,65.60000000000001,-5.300000000000011,14.0,0.0,21.0,77.0,2479.0,2441.0,F,1.0
203480,James Southerland,NOP,24.0,2013-14,8.0,19.0,0.421,38.8,1.0,4.0,0.25,46.9,8.2,4,30.0,2,1,5,0.2,27.0,3944.0,36.4,34.9,1.5,37.5,63.1,-25.6,2.0,0.0,2.0,3.0,52.0,53.0,F,1.0
203481,Jeff Withey,NOP,24.0,2013-14,234.0,406.0,0.576,35.5,61.0,184.0,0.332,51.6,16.1,58,684.0,50,68,124,0.548,684.0,3287.0,35.5,34.8,0.7000000000000028,57.599999999999994,64.0,-6.400000000000006,32.0,2.0,50.0,57.0,1335.0,1314.0,C,1.0
201973,Jonas Jerebko,DET,27.0,2013-14,272.0,424.0,0.642,33.8,67.0,178.0,0.376,48.0,14.2,64,741.0,6,65,86,0.756,741.0,3215.0,33.7,34.2,-0.5,64.3,62.3,2.0,3.0,0.0,6.0,62.0,1445.0,1443.0,F,2.0
201578,Marreese Speights,GSW,26.0,2013-14,313.0,509.0,0.615,29.8,132.0,313.0,0.422,48.2,18.3,78,971.0,34,82,138,0.594,982.0,2984.0,29.7,27.700000000000003,1.9999999999999964,61.5,59.699999999999996,1.8000000000000043,14.0,2.0,34.0,77.0,1963.0,1954.0,F-C,1.0
203486,Mason Plumlee,BKN,24.0,2013-14,447.0,732.0,0.611,34.9,126.0,301.0,0.419,49.2,14.3,69,1272.0,55,145,235,0.617,1275.0,2701.0,34.8,32.300000000000004,2.499999999999993,61.1,60.5,0.6000000000000014,40.0,12.0,55.0,68.0,2433.0,2428.0,F-C,1.0
2588,Matt Bonner,SAS,34.0,2013-14,204.0,370.0,0.551,31.0,94.0,223.0,0.422,49.7,18.7,61,690.0,11,46,84,0.548,690.0,3261.0,30.9,30.4,0.5,55.300000000000004,59.5,-4.199999999999996,10.0,0.0,11.0,59.0,1328.0,1364.0,C-F,2.0
1897,Metta World Peace,NYK,34.0,2013-14,117.0,205.0,0.571,32.7,35.0,86.0,0.407,46.5,13.7,29,388.0,8,26,48,0.542,388.0,3583.0,32.4,33.7,-1.3000000000000043,57.599999999999994,62.0,-4.400000000000006,4.0,0.0,8.0,28.0,768.0,756.0,F,1.0
203136,Ognjen Kuzmic,GSW,24.0,2013-14,41.0,61.0,0.672,36.1,8.0,19.0,0.421,47.3,11.2,21,92.0,4,12,17,0.706,92.0,3874.0,36.1,28.000000000000004,8.099999999999998,67.2,60.0,7.200000000000003,2.0,0.0,4.0,19.0,201.0,200.0,C,2.0
203490,Otto Porter Jr.,WAS,21.0,2013-14,92.0,151.0,0.609,32.3,26.0,66.0,0.394,46.4,14.1,37,319.0,1,11,16,0.688,319.0,3692.0,32.300000000000004,30.5,1.8000000000000043,60.9,62.2,-1.3000000000000043,1.0,0.0,1.0,36.0,611.0,614.0,F,1.0
203544,Pero Antic,ATL,31.0,2013-14,295.0,496.0,0.595,32.2,81.0,194.0,0.418,44.8,12.6,49,902.0,12,82,134,0.612,925.0,3041.0,32.2,32.5,-0.29999999999999716,59.4,61.1,-1.7000000000000028,6.0,0.0,12.0,48.0,1748.0,1793.0,F-C,1.0
2446,Rasual Butler,IND,35.0,2013-14,103.0,198.0,0.52,30.9,40.0,94.0,0.426,45.6,14.7,50,378.0,9,16,29,0.552,378.0,3578.0,30.7,29.2,1.5,52.300000000000004,53.1,-0.7999999999999972,3.0,0.0,9.0,49.0,731.0,723.0,F,1.0
203497,Rudy Gobert,UTA,22.0,2013-14,141.0,231.0,0.61,31.5,52.0,138.0,0.377,50.3,18.8,45,434.0,41,52,98,0.531,434.0,3522.0,31.3,34.5,-3.1999999999999993,60.9,62.9,-2.0,20.0,2.0,41.0,44.0,856.0,838.0,C,1.0
2203,Shane Battier,MIA,35.0,2013-14,470.0,774.0,0.607,31.7,155.0,363.0,0.427,46.5,14.9,73,1468.0,39,130,224,0.58,1468.0,2508.0,31.6,33.4,-1.7999999999999972,60.6,60.699999999999996,-0.09999999999999432,33.0,0.0,39.0,72.0,2806.0,2795.0,F,1.0
203524,Solomon Hill,IND,23.0,2013-14,63.0,115.0,0.548,30.0,35.0,71.0,0.493,48.6,18.5,28,226.0,2,11,15,0.733,226.0,3730.0,30.0,29.299999999999997,0.7000000000000028,54.800000000000004,52.900000000000006,1.8999999999999986,1.0,0.0,2.0,27.0,427.0,423.0,F,1.0
200779,Steve Novak,TOR,31.0,2013-14,181.0,278.0,0.651,32.1,44.0,130.0,0.338,47.1,15.0,54,540.0,4,31,54,0.574,540.0,3451.0,32.1,33.900000000000006,-1.8000000000000043,65.10000000000001,59.199999999999996,5.900000000000013,2.0,0.0,4.0,50.0,1028.0,1067.0,F,4.0
203139,Viacheslav Kravtsov,PHX,26.0,2013-14,20.0,33.0,0.606,33.0,6.0,13.0,0.462,46.0,13.0,20,59.0,1,4,6,0.667,59.0,3892.0,33.0,33.800000000000004,-0.8000000000000043,60.6,61.3,-0.6999999999999957,1.0,0.0,1.0,19.0,127.0,124.0,C,1.0
203945,Alex Kirk,CLE,23.0,2014-15,4.0,5.0,0.8,,0.0,0.0,0.0,,,5,14.0,0,1,1,1.0,14.0,3942.0,23.799999999999997,30.7,-6.900000000000002,80.0,62.1,17.9,0.0,0.0,0.0,4.0,29.0,28.0,C,1.0
203461,Anthony Bennett,MIN,22.0,2014-15,367.0,513.0,0.715,32.9,86.0,179.0,0.48,44.4,11.5,56,885.0,15,77,104,0.74,894.0,3067.0,32.9,33.900000000000006,-1.000000000000007,71.5,66.0,5.5,10.0,0.0,16.0,54.0,1761.0,1761.0,F,2.0
202620,Arinze Onuaku,MIN,27.0,2014-15,29.0,41.0,0.707,31.8,8.0,19.0,0.421,46.5,14.7,6,68.0,3,5,7,0.714,68.0,3893.0,31.0,33.7,-2.700000000000003,72.5,67.10000000000001,5.3999999999999915,2.0,0.0,3.0,4.0,135.0,132.0,F-C,2.0
203382,Aron Baynes,SAS,28.0,2014-15,348.0,599.0,0.581,31.4,135.0,352.0,0.384,49.8,18.4,70,1122.0,22,91,175,0.52,1122.0,2869.0,31.3,33.800000000000004,-2.5000000000000036,58.099999999999994,57.99999999999999,0.10000000000000142,19.0,2.0,22.0,69.0,2211.0,2205.0,C-F,1.0
101111,Charlie Villanueva,DAL,30.0,2014-15,249.0,403.0,0.618,32.7,75.0,177.0,0.424,47.1,14.4,64,678.0,22,63,96,0.656,678.0,3298.0,32.7,30.3,2.400000000000002,61.9,61.9,0.0,15.0,2.0,22.0,63.0,1397.0,1389.0,F,1.0
203142,Chris Copeland,IND,31.0,2014-15,252.0,428.0,0.589,30.6,83.0,188.0,0.441,44.1,13.5,50,828.0,11,42,66,0.636,827.0,3144.0,30.599999999999998,30.0,0.5999999999999979,58.9,56.3,2.6000000000000014,5.0,0.0,11.0,49.0,1591.0,1597.0,F,1.0
203921,Cleanthony Early,NYK,24.0,2014-15,200.0,324.0,0.617,30.8,61.0,138.0,0.442,44.0,13.1,39,647.0,12,36,51,0.706,647.0,3324.0,30.7,34.4,-3.6999999999999993,61.9,57.9,4.0,7.0,0.0,12.0,38.0,1255.0,1248.0,F,1.0
203991,Clint Capela,HOU,21.0,2014-15,28.0,59.0,0.475,32.8,13.0,32.0,0.406,50.6,17.8,12,90.0,9,9,24,0.375,90.0,3871.0,32.800000000000004,33.0,-0.19999999999999574,47.5,61.7,-14.200000000000003,6.0,1.0,9.0,11.0,191.0,189.0,C,1.0
202332,Cole Aldrich,NYK,26.0,2014-15,333.0,571.0,0.583,35.1,82.0,200.0,0.41,47.4,12.3,60,962.0,65,132,235,0.562,976.0,2995.0,35.0,33.4,1.6000000000000014,58.4,58.5,-0.10000000000000142,51.0,4.0,65.0,59.0,1840.0,1830.0,C,1.0
203928,Cory Jefferson,BKN,24.0,2014-15,160.0,285.0,0.561,31.2,67.0,137.0,0.489,46.3,15.0,50,531.0,21,42,76,0.553,531.0,3455.0,31.1,33.5,-2.3999999999999986,56.00000000000001,61.8,-5.79999999999999,15.0,1.0,21.0,46.0,1058.0,1044.0,F,4.0
202682,Derrick Williams,SAC,24.0,2014-15,525.0,801.0,0.655,29.5,168.0,422.0,0.398,45.1,15.5,74,1462.0,4,76,113,0.673,1462.0,2510.0,29.099999999999998,28.299999999999997,0.8000000000000007,65.7,65.3,0.4000000000000057,2.0,1.0,4.0,72.0,2942.0,2920.0,F,2.0
203906,Devyn Marble,ORL,22.0,2014-15,73.0,116.0,0.629,31.3,33.0,66.0,0.5,49.1,17.8,16,208.0,2,11,16,0.688,208.0,3743.0,31.3,30.7,0.6000000000000014,62.9,62.6,0.29999999999999716,2.0,0.0,2.0,13.0,440.0,434.0,F,3.0
203473,Dewayne Dedmon,ORL,25.0,2014-15,268.0,454.0,0.59,32.6,67.0,175.0,0.383,45.2,12.6,59,845.0,50,59,130,0.454,845.0,3106.0,32.6,30.2,2.400000000000002,59.0,63.6,-4.600000000000001,31.0,3.0,50.0,58.0,1634.0,1616.0,C,1.0
203926,Doug McDermott,CHI,23.0,2014-15,110.0,178.0,0.618,31.6,35.0,89.0,0.393,47.3,15.8,36,321.0,1,10,12,0.833,321.0,3655.0,31.4,31.3,0.09999999999999787,62.1,55.60000000000001,6.499999999999993,1.0,0.0,1.0,35.0,628.0,624.0,F,1.0
2222,Gerald Wallace,BOS,32.0,2014-15,109.0,169.0,0.645,33.9,23.0,65.0,0.354,46.9,13.0,32,286.0,4,23,35,0.657,286.0,3690.0,33.900000000000006,31.4,2.500000000000007,64.5,61.0,3.5,3.0,0.0,4.0,31.0,553.0,554.0,F,1.0
201880,Greg Stiemsma,TOR,29.0,2014-15,25.0,37.0,0.676,34.3,6.0,15.0,0.4,48.1,13.9,17,66.0,0,5,10,0.5,66.0,3905.0,34.300000000000004,33.0,1.3000000000000043,67.60000000000001,60.8,6.800000000000011,0.0,0.0,0.0,16.0,127.0,131.0,C,1.0
203949,James Michael McAdoo,GSW,22.0,2014-15,53.0,81.0,0.654,32.9,9.0,37.0,0.243,48.0,15.0,15,137.0,9,11,20,0.55,137.0,3809.0,32.9,30.099999999999998,2.8000000000000007,65.4,58.3,7.1000000000000085,5.0,0.0,9.0,13.0,286.0,281.0,F,2.0
201965,Jeff Ayres,SAS,28.0,2014-15,143.0,211.0,0.678,32.7,36.0,89.0,0.404,46.5,13.8,51,383.0,8,43,61,0.705,383.0,3608.0,32.4,33.1,-0.7000000000000028,68.4,56.99999999999999,11.400000000000013,7.0,0.0,8.0,50.0,746.0,758.0,F-C,1.0
203481,Jeff Withey,NOP,25.0,2014-15,95.0,162.0,0.586,37.7,36.0,71.0,0.507,54.2,16.5,37,259.0,18,28,63,0.444,259.0,3697.0,37.2,36.5,0.7000000000000028,58.8,60.0,-1.2000000000000028,13.0,1.0,18.0,36.0,511.0,495.0,C,1.0
202379,Jeremy Evans,UTA,27.0,2014-15,76.0,127.0,0.598,28.2,26.0,77.0,0.338,45.2,17.1,38,266.0,12,27,49,0.551,266.0,3675.0,27.900000000000002,30.8,-2.8999999999999986,60.3,59.3,1.0,7.0,1.0,12.0,37.0,496.0,499.0,F,1.0
201202,Joel Anthony,DET,32.0,2014-15,123.0,230.0,0.535,33.8,31.0,90.0,0.344,47.0,13.2,49,406.0,49,53,99,0.535,406.0,3560.0,33.800000000000004,32.0,1.8000000000000043,53.5,62.5,-9.0,33.0,1.0,49.0,47.0,786.0,774.0,C,2.0
203530,Joffrey Lauvergne,DEN,23.0,2014-15,108.0,162.0,0.667,36.3,18.0,62.0,0.29,50.2,13.9,24,268.0,10,27,48,0.563,268.0,3708.0,36.3,31.900000000000002,4.399999999999995,66.7,60.3,6.400000000000006,8.0,2.0,10.0,22.0,546.0,537.0,C,2.0
2588,Matt Bonner,SAS,35.0,2014-15,312.0,529.0,0.59,33.2,99.0,260.0,0.381,49.5,16.3,72,935.0,12,52,116,0.448,935.0,3056.0,33.1,33.1,0.0,58.9,57.8,1.1000000000000014,10.0,0.0,12.0,71.0,1794.0,1833.0,C-F,1.0
203490,Otto Porter Jr.,WAS,22.0,2014-15,428.0,712.0,0.601,29.5,135.0,352.0,0.384,44.0,14.6,74,1432.0,30,54,84,0.643,1432.0,2559.0,29.4,28.9,0.5,60.099999999999994,57.8,2.299999999999997,20.0,0.0,30.0,73.0,2752.0,2730.0,F,1.0
203103,Perry Jones III,OKC,23.0,2014-15,225.0,384.0,0.586,33.1,56.0,164.0,0.341,47.3,14.2,43,631.0,8,35,50,0.7,631.0,3335.0,33.0,34.1,-1.1000000000000014,58.9,57.9,1.0,3.0,0.0,8.0,41.0,1263.0,1250.0,F,2.0
2210,Richard Jefferson,DAL,35.0,2014-15,419.0,685.0,0.612,31.0,108.0,307.0,0.352,44.8,13.9,74,1244.0,11,73,108,0.676,1244.0,2732.0,30.9,30.599999999999998,0.3000000000000007,61.199999999999996,62.2,-1.000000000000007,10.0,0.0,11.0,73.0,2502.0,2459.0,F,1.0
200797,Ryan Hollins,SAC,30.0,2014-15,128.0,209.0,0.612,25.8,59.0,147.0,0.401,44.0,18.1,46,441.0,19,44,71,0.62,441.0,3530.0,25.6,28.999999999999996,-3.399999999999995,61.8,65.9,-4.1000000000000085,11.0,2.0,19.0,44.0,881.0,870.0,C,2.0
202087,Alonzo Gee,NOP,29.0,2015-16,601.0,967.0,0.622,33.2,164.0,398.0,0.412,46.9,13.7,73,1632.0,13,75,113,0.664,1632.0,2324.0,33.2,30.3,2.900000000000002,62.2,64.9,-2.700000000000003,9.0,0.0,13.0,72.0,3322.0,3280.0,F,1.0
101111,Charlie Villanueva,DAL,31.0,2015-16,226.0,361.0,0.626,31.3,72.0,171.0,0.421,46.1,14.8,62,665.0,15,47,73,0.644,665.0,3336.0,31.1,28.599999999999998,2.5000000000000036,63.0,62.1,0.8999999999999986,12.0,0.0,15.0,60.0,1336.0,1348.0,F,2.0
203142,Chris Copeland,MIL,32.0,2015-16,50.0,84.0,0.595,32.9,17.0,31.0,0.548,45.1,12.2,24,156.0,0,12,23,0.522,156.0,3810.0,32.0,36.4,-4.399999999999999,61.0,59.099999999999994,1.9000000000000057,0.0,0.0,0.0,23.0,305.0,300.0,F,1.0
203187,Chris Johnson,UTA,26.0,2015-16,261.0,436.0,0.599,30.3,76.0,207.0,0.367,44.7,14.4,70,857.0,20,49,79,0.62,857.0,3134.0,30.3,33.1,-2.8000000000000007,59.9,58.5,1.3999999999999986,13.0,0.0,20.0,69.0,1678.0,1628.0,F,1.0
203921,Cleanthony Early,NYK,25.0,2015-16,49.0,96.0,0.51,35.4,14.0,41.0,0.341,50.6,15.1,17,154.0,3,5,11,0.455,154.0,3807.0,35.4,34.2,1.1999999999999957,51.0,57.099999999999994,-6.099999999999994,2.0,0.0,3.0,16.0,297.0,295.0,F,1.0
202332,Cole Aldrich,LAC,27.0,2015-16,270.0,463.0,0.583,34.5,78.0,197.0,0.396,49.2,14.7,60,800.0,68,118,201,0.587,800.0,3166.0,34.2,30.9,3.3000000000000043,58.599999999999994,59.5,-0.9000000000000057,57.0,5.0,68.0,59.0,1566.0,1549.0,C,1.0
203928,Cory Jefferson,PHX,25.0,2015-16,21.0,36.0,0.583,40.0,5.0,14.0,0.357,55.6,15.6,8,50.0,1,7,13,0.538,50.0,3891.0,40.0,32.2,7.799999999999997,58.3,62.6,-4.300000000000004,1.0,0.0,1.0,6.0,100.0,101.0,F,2.0
1626262,Coty Clarke,BOS,23.0,2015-16,3.0,3.0,1.0,,0.0,0.0,0.0,,,3,6.0,0,0,0,0.0,6.0,3950.0,30.0,32.2,-2.200000000000003,100.0,60.0,40.0,0.0,0.0,0.0,2.0,12.0,11.0,F,1.0
201971,DeJuan Blair,WAS,27.0,2015-16,77.0,120.0,0.642,32.3,27.0,58.0,0.466,47.8,15.6,29,218.0,2,19,28,0.679,218.0,3733.0,31.900000000000002,30.0,1.9000000000000021,63.9,61.9,2.0,2.0,0.0,2.0,28.0,458.0,459.0,C-F,1.0
203939,Dwight Powell,DAL,24.0,2015-16,349.0,542.0,0.644,32.0,88.0,247.0,0.356,46.6,14.6,69,992.0,24,86,153,0.562,992.0,3009.0,31.8,28.1,3.6999999999999993,64.60000000000001,61.5,3.1000000000000085,13.0,2.0,24.0,68.0,1999.0,1964.0,F-C,1.0
203949,James Michael McAdoo,GSW,23.0,2015-16,101.0,138.0,0.732,31.5,24.0,67.0,0.358,46.8,15.3,41,262.0,8,30,38,0.789,262.0,3714.0,31.5,30.9,0.6000000000000014,73.2,59.3,13.900000000000006,6.0,0.0,8.0,40.0,531.0,546.0,F,1.0
202379,Jeremy Evans,DAL,28.0,2015-16,75.0,131.0,0.573,28.4,22.0,64.0,0.344,42.2,13.9,30,251.0,9,21,32,0.656,251.0,3750.0,28.4,29.099999999999998,-0.6999999999999993,57.3,62.6,-5.300000000000004,5.0,0.0,9.0,28.0,533.0,517.0,F,2.0
203948,Johnny O'Bryant III,MIL,23.0,2015-16,307.0,521.0,0.589,36.0,89.0,187.0,0.476,48.9,12.9,66,857.0,8,54,81,0.667,857.0,3109.0,35.8,36.4,-0.6000000000000014,59.0,59.199999999999996,-0.19999999999999574,6.0,0.0,8.0,65.0,1654.0,1635.0,F-C,1.0
1626175,Jordan Mickey,BOS,21.0,2015-16,22.0,45.0,0.489,44.6,6.0,13.0,0.462,57.4,12.9,16,57.0,11,5,10,0.5,57.0,3899.0,44.6,32.0,12.600000000000001,48.9,60.199999999999996,-11.299999999999997,11.0,0.0,11.0,15.0,115.0,117.0,C-F,1.0
202713,Kyle Singler,OKC,28.0,2015-16,380.0,636.0,0.597,36.1,87.0,228.0,0.382,49.1,12.9,68,977.0,9,81,121,0.669,977.0,2989.0,36.0,35.4,0.6000000000000014,59.8,57.3,2.5,4.0,0.0,9.0,67.0,1979.0,1976.0,F,1.0
201601,Luc Mbah a Moute,LAC,29.0,2015-16,381.0,637.0,0.598,27.8,135.0,358.0,0.377,43.5,15.6,75,1274.0,19,54,87,0.621,1274.0,2692.0,27.500000000000004,33.5,-5.9999999999999964,60.3,58.9,1.3999999999999986,9.0,0.0,19.0,71.0,2537.0,2462.0,F,4.0
202337,Luke Babbitt,NOP,27.0,2015-16,309.0,473.0,0.653,32.0,72.0,181.0,0.398,44.2,12.2,47,845.0,7,65,92,0.707,845.0,3111.0,31.7,31.5,0.1999999999999993,65.2,63.3,1.9000000000000057,2.0,0.0,7.0,46.0,1695.0,1735.0,F,1.0
2588,Matt Bonner,SAS,36.0,2015-16,69.0,119.0,0.58,35.7,14.0,42.0,0.333,48.3,12.6,30,206.0,1,15,27,0.556,206.0,3735.0,35.699999999999996,31.0,4.699999999999996,57.99999999999999,57.199999999999996,0.7999999999999972,1.0,0.0,1.0,27.0,391.0,394.0,C-F,3.0
203488,Mike Muscala,ATL,24.0,2015-16,182.0,326.0,0.558,33.1,74.0,164.0,0.451,49.8,16.7,60,565.0,27,65,120,0.542,565.0,3401.0,32.7,32.6,0.10000000000000142,55.60000000000001,56.8,-1.1999999999999886,21.0,0.0,27.0,58.0,1127.0,1120.0,F-C,2.0
1626257,Salah Mejri,DAL,30.0,2015-16,96.0,187.0,0.513,27.1,39.0,100.0,0.39,41.6,14.5,34,397.0,36,36,88,0.409,397.0,3604.0,26.8,29.299999999999997,-2.4999999999999964,51.4,63.4,-12.0,30.0,6.0,36.0,33.0,780.0,777.0,C,1.0
1626155,Sam Dekker,HOU,22.0,2015-16,0.0,2.0,0.0,,4.0,4.0,1.0,,,3,6.0,0,0,0,0.0,6.0,3960.0,14.299999999999999,33.0,-18.700000000000003,0.0,62.4,-62.4,0.0,0.0,0.0,2.0,15.0,14.0,F,1.0
201619,Sasha Kaun,CLE,31.0,2015-16,26.0,48.0,0.542,31.2,7.0,14.0,0.5,40.3,9.1,25,95.0,5,5,14,0.357,95.0,3876.0,31.2,30.4,0.8000000000000007,54.2,61.199999999999996,-6.999999999999993,3.0,0.0,5.0,23.0,190.0,202.0,C,2.0
203080,Thomas Robinson,BKN,25.0,2015-16,376.0,593.0,0.634,36.9,79.0,177.0,0.446,47.9,11.0,71,917.0,36,95,171,0.556,916.0,3035.0,36.8,34.9,1.8999999999999986,63.4,63.7,-0.30000000000000426,31.0,2.0,36.0,69.0,1823.0,1799.0,F,2.0
1626168,Trey Lyles,UTA,20.0,2015-16,447.0,734.0,0.609,32.3,147.0,354.0,0.415,47.9,15.6,80,1382.0,18,100,155,0.645,1382.0,2609.0,32.300000000000004,32.6,-0.29999999999999716,60.8,57.599999999999994,3.200000000000003,13.0,2.0,18.0,79.0,2588.0,2589.0,F,1.0
202684,Tristan Thompson,CLE,25.0,2015-16,728.0,1204.0,0.605,31.5,239.0,593.0,0.403,47.0,15.5,82,2269.0,51,207,360,0.575,2269.0,1702.0,31.4,29.2,2.1999999999999993,60.5,61.6,-1.1000000000000014,37.0,10.0,51.0,81.0,4407.0,4373.0,C-F,1.0
202087,Alonzo Gee,DEN,30.0,2016-17,27.0,48.0,0.563,30.4,13.0,29.0,0.448,48.7,18.4,13,89.0,1,2,3,0.667,89.0,3862.0,30.4,32.6,-2.200000000000003,56.2,62.6,-6.399999999999999,1.0,0.0,1.0,12.0,197.0,184.0,F,1.0
1626246,Boban Marjanovic,DET,28.0,2016-17,70.0,117.0,0.598,23.1,32.0,86.0,0.372,40.0,17.0,35,293.0,12,23,49,0.469,293.0,3668.0,23.1,28.7,-5.599999999999998,59.8,63.6,-3.8000000000000043,6.0,0.0,12.0,34.0,583.0,589.0,C,1.0
203998,Bruno Caboclo,TOR,21.0,2016-17,10.0,16.0,0.625,27.1,1.0,9.0,0.111,42.4,15.3,8,38.0,1,0,1,0.0,40.0,3916.0,27.1,31.2,-4.099999999999998,62.5,61.4,1.1000000000000014,0.0,0.0,1.0,7.0,78.0,80.0,F,1.0
1627767,Cheick Diallo,NOP,20.0,2016-17,79.0,114.0,0.693,30.7,17.0,36.0,0.472,40.4,9.7,17,199.0,7,27,33,0.818,199.0,3782.0,30.7,32.2,-1.5000000000000036,69.3,61.3,8.0,7.0,1.0,7.0,16.0,410.0,406.0,F-C,1.0
204014,Damjan Rudez,ORL,31.0,2016-17,118.0,172.0,0.686,33.5,28.0,60.0,0.467,45.2,11.7,45,314.0,1,20,25,0.8,314.0,3647.0,33.5,33.1,0.3999999999999986,68.60000000000001,61.7,6.900000000000006,0.0,0.0,1.0,44.0,623.0,623.0,F,1.0
202722,Davis Bertans,SAS,24.0,2016-17,268.0,443.0,0.605,32.0,81.0,203.0,0.399,46.6,14.6,66,803.0,28,72,121,0.595,807.0,3154.0,31.900000000000002,32.5,-0.5999999999999979,60.6,57.099999999999994,3.500000000000007,18.0,0.0,28.0,64.0,1593.0,1621.0,F,2.0
1627738,Deyonta Davis,MEM,20.0,2016-17,63.0,116.0,0.543,29.6,13.0,51.0,0.255,42.6,13.0,36,238.0,17,17,41,0.415,238.0,3743.0,29.099999999999998,30.099999999999998,-1.0,55.300000000000004,61.3,-5.999999999999993,11.0,2.0,17.0,35.0,473.0,461.0,C-F,1.0
1627774,Jake Layman,POR,23.0,2016-17,75.0,141.0,0.532,32.0,22.0,64.0,0.344,46.5,14.5,35,249.0,3,12,19,0.632,249.0,3737.0,32.1,31.2,0.9000000000000021,52.800000000000004,56.699999999999996,-3.8999999999999915,2.0,0.0,3.0,34.0,508.0,511.0,F,1.0
203949,James Michael McAdoo,GSW,24.0,2016-17,190.0,310.0,0.613,36.6,43.0,129.0,0.333,51.8,15.2,52,457.0,29,58,94,0.617,457.0,3499.0,36.5,32.300000000000004,4.199999999999996,61.199999999999996,59.699999999999996,1.5,20.0,1.0,29.0,51.0,929.0,924.0,F,1.0
203481,Jeff Withey,UTA,27.0,2016-17,172.0,300.0,0.573,39.1,48.0,115.0,0.417,54.1,15.0,51,432.0,32,65,117,0.556,432.0,3519.0,39.0,31.900000000000002,7.099999999999998,57.199999999999996,57.199999999999996,0.0,28.0,2.0,32.0,50.0,850.0,849.0,C,1.0
201202,Joel Anthony,SAS,34.0,2016-17,37.0,65.0,0.569,29.7,15.0,26.0,0.577,41.6,11.9,19,122.0,6,13,21,0.619,122.0,3839.0,29.2,32.5,-3.3000000000000007,57.8,57.8,0.0,3.0,1.0,6.0,18.0,243.0,247.0,C,1.0
1626175,Jordan Mickey,BOS,22.0,2016-17,47.0,71.0,0.662,29.2,13.0,35.0,0.371,43.6,14.4,25,141.0,6,21,29,0.724,141.0,3810.0,29.2,30.8,-1.6000000000000014,66.2,61.1,5.100000000000001,4.0,0.0,6.0,23.0,283.0,283.0,C-F,2.0
1627823,Juancho Hernangomez,DEN,21.0,2016-17,350.0,547.0,0.64,34.7,94.0,209.0,0.45,48.0,13.3,61,839.0,11,66,97,0.68,842.0,3109.0,34.699999999999996,31.900000000000002,2.7999999999999936,64.0,62.0,2.0,6.0,0.0,12.0,60.0,1719.0,1731.0,F,1.0
203512,Lucas Nogueira,TOR,24.0,2016-17,363.0,620.0,0.585,32.1,104.0,301.0,0.346,47.7,15.6,56,1067.0,85,111,193,0.575,1088.0,2868.0,32.1,30.8,1.3000000000000007,58.5,62.6,-4.100000000000001,56.0,7.0,89.0,54.0,2109.0,2109.0,C,2.0
1627850,Marshall Plumlee,NYK,24.0,2016-17,76.0,111.0,0.685,37.0,17.0,34.0,0.5,48.3,11.3,21,170.0,4,28,43,0.651,170.0,3801.0,37.0,35.8,1.2000000000000028,68.5,59.099999999999994,9.400000000000006,3.0,0.0,4.0,20.0,350.0,335.0,C,1.0
1627852,Nicolas Brussino,DAL,24.0,2016-17,173.0,271.0,0.638,31.9,47.0,115.0,0.409,45.4,13.5,54,521.0,8,33,47,0.702,521.0,3435.0,31.900000000000002,28.199999999999996,3.7000000000000064,63.800000000000004,65.4,-1.6000000000000014,5.0,1.0,8.0,52.0,1027.0,1022.0,F,2.0
1626176,Rakeem Christmas,IND,25.0,2016-17,78.0,123.0,0.634,33.0,17.0,35.0,0.486,42.4,9.4,29,219.0,6,27,45,0.6,219.0,3752.0,33.0,29.9,3.1000000000000014,63.4,60.099999999999994,3.3000000000000043,5.0,0.0,6.0,27.0,443.0,439.0,F,2.0
1627848,Shawn Long,PHI,24.0,2016-17,96.0,152.0,0.632,37.3,23.0,46.0,0.5,48.6,11.3,18,234.0,9,35,56,0.625,234.0,3732.0,37.3,33.1,4.199999999999996,63.2,61.6,1.6000000000000014,6.0,1.0,9.0,17.0,473.0,478.0,F,1.0
1627748,Thon Maker,MIL,20.0,2016-17,201.0,350.0,0.574,38.1,57.0,115.0,0.496,50.7,12.5,57,562.0,26,75,133,0.564,562.0,3394.0,37.9,34.5,3.3999999999999986,57.599999999999994,61.199999999999996,-3.6000000000000014,23.0,3.0,26.0,56.0,1074.0,1073.0,F-C,1.0
1627816,Alex Poythress,IND,24.0,2017-18,43.0,61.0,0.705,34.7,17.0,30.0,0.567,51.7,17.0,25,104.0,1,8,11,0.727,104.0,3847.0,34.699999999999996,31.0,3.6999999999999957,70.5,65.10000000000001,5.3999999999999915,0.0,0.0,1.0,24.0,205.0,205.0,F,1.0
101106,Andrew Bogut,LAL,33.0,2017-18,68.0,113.0,0.602,28.9,26.0,54.0,0.481,42.7,13.8,24,216.0,13,17,29,0.586,216.0,3765.0,28.1,34.1,-6.0,60.9,62.2,-1.3000000000000043,9.0,0.0,13.0,23.0,448.0,444.0,C,1.0
1626224,Cedi Osman,CLE,23.0,2017-18,232.0,364.0,0.637,29.8,75.0,178.0,0.421,44.4,14.6,61,673.0,3,35,52,0.673,672.0,3274.0,29.599999999999998,32.9,-3.3000000000000007,64.1,65.0,-0.9000000000000057,1.0,1.0,3.0,59.0,1364.0,1368.0,F,2.0
1626177,Dakari Johnson,OKC,22.0,2017-18,40.0,62.0,0.645,24.9,15.0,39.0,0.385,40.6,15.7,30,148.0,7,15,21,0.714,161.0,3805.0,24.9,32.9,-8.0,64.5,62.0,2.5,4.0,0.0,8.0,29.0,290.0,292.0,C,1.0
203967,Dario Saric,PHI,24.0,2017-18,724.0,1188.0,0.609,28.4,265.0,708.0,0.374,45.4,16.9,77,2277.0,20,163,278,0.586,2310.0,1646.0,28.199999999999996,27.500000000000004,0.6999999999999922,61.1,63.3,-2.1999999999999957,19.0,0.0,20.0,76.0,4678.0,4678.0,F-C,1.0
201589,Darrell Arthur,DEN,30.0,2017-18,62.0,91.0,0.681,35.4,15.0,37.0,0.405,49.8,14.4,19,141.0,3,19,28,0.679,141.0,3835.0,35.199999999999996,31.7,3.4999999999999964,68.89999999999999,64.5,4.3999999999999915,2.0,0.0,3.0,17.0,291.0,294.0,F,2.0
202682,Derrick Williams,LAL,27.0,2017-18,0.0,1.0,0.0,11.1,1.0,4.0,0.25,55.6,44.4,2,9.0,0,0,0,0.0,9.0,3972.0,11.1,33.800000000000004,-22.700000000000003,0.0,62.2,-62.2,,,,1.0,20.0,21.0,F,1.0
1627740,Henry Ellenson,DET,21.0,2017-18,118.0,162.0,0.728,27.9,44.0,101.0,0.436,45.3,17.4,38,329.0,0,30,41,0.732,329.0,3632.0,27.700000000000003,29.099999999999998,-1.399999999999995,73.3,65.60000000000001,7.699999999999989,0.0,0.0,0.0,37.0,675.0,666.0,F,1.0
1628397,Ivan Rabb,MEM,21.0,2017-18,202.0,300.0,0.673,34.4,43.0,114.0,0.377,47.5,13.1,36,516.0,13,62,87,0.713,516.0,3425.0,34.300000000000004,31.6,2.700000000000003,67.60000000000001,63.5,4.1000000000000085,8.0,1.0,13.0,35.0,1035.0,1024.0,F,1.0
1627774,Jake Layman,POR,24.0,2017-18,48.0,81.0,0.593,30.7,17.0,39.0,0.436,45.5,14.8,35,160.0,4,8,11,0.727,160.0,3791.0,30.7,31.5,-0.8000000000000007,59.3,55.400000000000006,3.8999999999999915,2.0,0.0,4.0,34.0,316.0,329.0,F,1.0
203481,Jeff Withey,DAL,28.0,2017-18,7.0,14.0,0.5,22.2,4.0,8.0,0.5,34.9,12.7,10,39.0,3,4,9,0.444,39.0,3922.0,22.2,27.3,-5.100000000000001,50.0,67.0,-17.0,3.0,1.0,3.0,9.0,81.0,83.0,C,1.0
1628395,Jordan Bell,GSW,23.0,2017-18,292.0,493.0,0.592,32.6,95.0,268.0,0.354,50.3,17.7,57,809.0,56,95,183,0.519,809.0,3137.0,32.5,31.0,1.5,59.099999999999994,63.6,-4.500000000000007,37.0,2.0,56.0,56.0,1682.0,1661.0,F,1.0
201578,Marreese Speights,ORL,30.0,2017-18,224.0,340.0,0.659,27.9,76.0,201.0,0.378,44.3,16.5,52,675.0,22,82,127,0.646,675.0,3271.0,27.800000000000004,33.7,-5.899999999999999,66.10000000000001,64.9,1.2000000000000028,7.0,0.0,22.0,50.0,1351.0,1355.0,F-C,2.0
1628467,Maxi Kleber,DAL,26.0,2017-18,384.0,579.0,0.663,27.6,159.0,375.0,0.424,45.4,17.8,72,1206.0,47,115,178,0.646,1206.0,2755.0,27.3,27.3,0.0,66.2,67.2,-1.0,25.0,0.0,47.0,71.0,2406.0,2380.0,F,1.0
203086,Meyers Leonard,POR,26.0,2017-18,71.0,116.0,0.612,27.7,31.0,62.0,0.5,42.5,14.8,33,254.0,0,23,42,0.548,254.0,3697.0,27.400000000000002,31.8,-4.399999999999999,60.9,55.2,5.699999999999996,0.0,0.0,0.0,32.0,515.0,521.0,F-C,1.0
201563,Michael Beasley,NYK,29.0,2017-18,588.0,956.0,0.615,32.7,176.0,437.0,0.403,47.7,15.0,73,1616.0,41,104,175,0.594,1653.0,2313.0,32.6,31.6,1.0,61.7,60.099999999999994,1.6000000000000085,29.0,5.0,43.0,72.0,3261.0,3263.0,F,1.0
203457,Nerlens Noel,DAL,24.0,2017-18,150.0,214.0,0.701,26.7,53.0,138.0,0.384,43.8,17.2,30,472.0,22,50,81,0.617,472.0,3489.0,26.5,27.400000000000002,-0.9000000000000021,70.0,66.5,3.5,8.0,3.0,22.0,29.0,946.0,947.0,C-F,1.0
1627852,Nicolas Brussino,ATL,25.0,2017-18,3.0,4.0,0.75,23.5,0.0,2.0,0.0,35.3,11.8,4,10.0,0,0,0,0.0,10.0,3931.0,23.5,29.799999999999997,-6.299999999999997,75.0,63.1,11.899999999999999,,,,3.0,21.0,20.0,F,1.0
1627835,Paul Zipser,CHI,24.0,2017-18,328.0,502.0,0.653,34.1,73.0,173.0,0.422,45.9,11.8,54,824.0,15,66,95,0.695,824.0,3147.0,34.1,31.0,3.1000000000000014,65.3,65.60000000000001,-0.30000000000001137,12.0,1.0,15.0,53.0,1623.0,1610.0,F,1.0
1626257,Salah Mejri,DAL,32.0,2017-18,199.0,336.0,0.592,26.7,87.0,207.0,0.42,43.1,16.4,61,729.0,67,76,146,0.521,729.0,3232.0,26.6,27.400000000000002,-0.8000000000000007,59.4,68.5,-9.100000000000001,45.0,11.0,67.0,60.0,1413.0,1415.0,C,1.0
201229,Anthony Tolliver,MIN,34.0,2018-19,421.0,666.0,0.632,33.5,104.0,267.0,0.39,47.0,13.4,65,1079.0,21,81,129,0.628,1067.0,2887.0,33.300000000000004,34.0,-0.6999999999999957,63.3,63.3,0.0,18.0,0.0,21.0,63.0,2224.0,2240.0,F,2.0
1629002,Chimezie Metu,SAS,22.0,2018-19,59.0,83.0,0.711,30.5,17.0,37.0,0.459,44.1,13.6,29,145.0,2,13,20,0.65,145.0,3816.0,30.5,28.9,1.6000000000000014,71.1,62.9,8.199999999999996,1.0,2.0,2.0,28.0,309.0,314.0,F-C,1.0
201967,Dante Cunningham,SAS,32.0,2018-19,348.0,529.0,0.658,30.3,124.0,280.0,0.443,46.3,16.0,64,928.0,13,66,92,0.717,928.0,3033.0,30.2,28.499999999999996,1.7000000000000028,65.9,62.4,3.500000000000007,8.0,5.0,13.0,63.0,1916.0,1902.0,F,1.0
1629061,Deng Adel,CLE,22.0,2018-19,74.0,110.0,0.673,32.5,26.0,51.0,0.51,47.6,15.1,19,194.0,4,12,21,0.571,194.0,3757.0,32.5,33.300000000000004,-0.8000000000000043,67.30000000000001,68.4,-1.0999999999999943,4.0,0.0,4.0,18.0,381.0,380.0,F,1.0
1629055,Donte Grantham,OKC,24.0,2018-19,0.0,1.0,0.0,,,,,,,3,2.0,0,0,1,0.0,2.0,3969.0,20.0,35.9,-15.899999999999999,0.0,60.9,-60.9,,,,2.0,4.0,5.0,F,1.0
1629234,Drew Eubanks,SAS,22.0,2018-19,44.0,67.0,0.657,30.5,7.0,28.0,0.25,43.2,12.7,23,113.0,5,14,22,0.636,113.0,3848.0,30.5,28.9,1.6000000000000014,65.7,63.2,2.5,2.0,0.0,5.0,22.0,234.0,236.0,F-C,1.0
1629130,Duncan Robinson,MIA,25.0,2018-19,60.0,95.0,0.632,30.5,17.0,42.0,0.405,44.1,13.5,15,161.0,0,11,16,0.688,161.0,3785.0,30.2,30.5,-0.3000000000000007,62.8,58.599999999999994,4.200000000000003,0.0,0.0,0.0,14.0,335.0,336.0,F,1.0
202327,Ekpe Udoh,UTA,32.0,2018-19,130.0,210.0,0.619,35.4,56.0,118.0,0.475,55.2,19.9,51,320.0,31,40,78,0.513,320.0,3631.0,35.4,30.7,4.699999999999999,61.9,59.4,2.5,16.0,1.0,31.0,50.0,685.0,677.0,C-F,1.0
1626163,Frank Kaminsky,CHA,26.0,2018-19,292.0,462.0,0.632,34.2,79.0,191.0,0.414,48.3,14.1,47,755.0,12,81,130,0.623,755.0,3211.0,34.0,34.0,0.0,63.3,64.4,-1.1000000000000085,7.0,1.0,12.0,46.0,1527.0,1552.0,F-C,1.0
1626143,Jahlil Okafor,NOP,23.0,2018-19,385.0,626.0,0.615,34.7,114.0,290.0,0.393,50.8,16.1,59,935.0,40,118,218,0.541,935.0,3016.0,34.699999999999996,33.7,0.9999999999999929,61.6,64.60000000000001,-3.000000000000007,25.0,2.0,40.0,58.0,1977.0,1967.0,C-F,1.0
1629020,Jarred Vanderbilt,DEN,20.0,2018-19,30.0,47.0,0.638,36.7,4.0,19.0,0.211,51.6,14.8,17,69.0,1,8,13,0.615,69.0,3877.0,36.7,34.4,2.3000000000000043,63.800000000000004,63.5,0.30000000000000426,1.0,0.0,1.0,16.0,156.0,159.0,F,1.0
1629140,Johnathan Williams,LAL,24.0,2018-19,151.0,236.0,0.64,35.8,31.0,94.0,0.33,50.1,14.3,24,372.0,7,39,57,0.684,372.0,3584.0,35.699999999999996,35.5,0.19999999999999574,64.3,60.199999999999996,4.100000000000001,6.0,0.0,7.0,23.0,776.0,766.0,F,1.0
1628395,Jordan Bell,GSW,24.0,2018-19,294.0,449.0,0.655,30.6,102.0,288.0,0.354,50.2,19.6,68,788.0,51,98,159,0.616,788.0,3173.0,30.5,28.000000000000004,2.4999999999999964,65.4,64.7,0.7000000000000028,25.0,4.0,51.0,67.0,1645.0,1625.0,F,1.0
1628436,Luke Kornet,NYK,23.0,2018-19,309.0,530.0,0.583,35.3,84.0,226.0,0.372,50.4,15.1,45,750.0,41,103,191,0.539,784.0,3172.0,35.199999999999996,36.3,-1.1000000000000014,58.4,63.6,-5.200000000000003,29.0,0.0,42.0,44.0,1552.0,1559.0,F-C,1.0
1628969,Mikal Bridges,PHX,22.0,2018-19,1033.0,1656.0,0.624,37.9,271.0,655.0,0.414,52.9,15.0,82,2417.0,38,150,238,0.63,2417.0,1547.0,37.7,37.1,0.6000000000000014,62.6,65.10000000000001,-2.500000000000007,28.0,0.0,38.0,81.0,5045.0,5028.0,F,1.0
1629021,Moritz Wagner,LAL,22.0,2018-19,184.0,280.0,0.657,33.3,34.0,98.0,0.347,45.0,11.7,43,446.0,13,43,75,0.573,446.0,3510.0,33.1,35.8,-2.6999999999999957,66.2,59.9,6.300000000000004,7.0,0.0,13.0,42.0,956.0,958.0,F-C,1.0
202347,Quincy Pondexter,SAS,31.0,2018-19,121.0,173.0,0.699,32.0,30.0,78.0,0.385,46.4,14.4,53,292.0,1,17,25,0.68,292.0,3669.0,32.0,28.7,3.3000000000000007,69.89999999999999,62.7,7.199999999999989,0.0,0.0,1.0,48.0,603.0,611.0,F,5.0
1629057,Robert Williams III,BOS,21.0,2018-19,112.0,189.0,0.593,34.9,23.0,92.0,0.25,51.8,17.0,32,283.0,40,34,65,0.523,283.0,3673.0,34.9,31.0,3.8999999999999986,59.3,63.1,-3.8000000000000043,19.0,6.0,40.0,30.0,597.0,584.0,C-F,2.0
1626257,Salah Mejri,DAL,33.0,2018-19,136.0,231.0,0.589,30.6,65.0,135.0,0.481,48.5,17.9,36,399.0,26,61,102,0.598,399.0,3557.0,30.5,30.4,0.10000000000000142,58.699999999999996,66.7,-8.000000000000007,20.0,1.0,26.0,35.0,824.0,811.0,C,1.0
1629118,Thomas Welsh,DEN,23.0,2018-19,16.0,20.0,0.8,33.3,4.0,7.0,0.571,45.0,11.7,11,36.0,0,2,3,0.667,36.0,3910.0,33.300000000000004,34.4,-1.0999999999999943,80.0,63.3,16.700000000000003,0.0,0.0,0.0,9.0,83.0,86.0,C,2.0
1628470,Torrey Craig,DEN,28.0,2018-19,568.0,931.0,0.61,34.2,179.0,410.0,0.437,49.3,15.1,75,1503.0,46,80,121,0.661,1503.0,2443.0,34.1,34.599999999999994,-0.4999999999999929,61.0,65.0,-4.0,23.0,1.0,46.0,74.0,3038.0,3015.0,F,1.0
1626168,Trey Lyles,DEN,23.0,2018-19,445.0,725.0,0.614,35.7,147.0,320.0,0.459,51.5,15.8,64,1120.0,23,90,151,0.596,1120.0,2826.0,35.6,34.0,1.6000000000000014,61.6,64.3,-2.6999999999999957,14.0,4.0,23.0,63.0,2281.0,2282.0,F,1.0
1628518,Amile Jefferson,ORL,27.0,2019-20,28.0,38.0,0.737,29.2,6.0,23.0,0.261,46.9,17.7,18,74.0,3,5,7,0.714,74.0,3440.0,29.2,30.0,-0.8000000000000007,73.7,64.3,9.400000000000006,1.0,0.0,3.0,17.0,154.0,156.0,F,1.0
1628394,Anzejs Pasecniks,WAS,24.0,2019-20,164.0,235.0,0.698,30.2,72.0,155.0,0.465,50.1,19.9,27,437.0,12,64,93,0.688,437.0,3034.0,30.0,32.7,-2.700000000000003,70.1,66.10000000000001,3.999999999999986,6.0,0.0,12.0,26.0,931.0,916.0,C-F,1.0
1626246,Boban Marjanovic,DAL,31.0,2019-20,150.0,212.0,0.708,26.6,63.0,151.0,0.417,45.5,18.9,44,422.0,10,58,89,0.652,422.0,3213.0,26.6,32.4,-5.799999999999997,70.8,62.7,8.099999999999994,8.0,0.0,10.0,41.0,868.0,864.0,C,3.0
1629626,Bol Bol,DEN,20.0,2019-20,31.0,47.0,0.66,30.3,8.0,18.0,0.444,41.9,11.6,7,87.0,6,8,13,0.615,87.0,3462.0,30.3,33.0,-2.6999999999999993,66.0,65.5,0.5,4.0,1.0,6.0,6.0,176.0,172.0,C-F,1.0
1629735,Chris Silva,MIA,23.0,2019-20,133.0,203.0,0.655,33.0,20.0,58.0,0.345,42.4,9.4,43,334.0,21,59,85,0.694,346.0,3203.0,33.0,29.099999999999998,3.900000000000002,65.5,66.10000000000001,-0.6000000000000085,17.0,2.0,21.0,41.0,698.0,696.0,F,2.0
1628998,Cody Martin,CHA,24.0,2019-20,342.0,538.0,0.636,34.3,88.0,202.0,0.436,47.1,12.9,48,903.0,9,66,107,0.617,903.0,2247.0,33.900000000000006,36.6,-2.6999999999999957,64.1,65.5,-1.4000000000000057,6.0,0.0,9.0,47.0,1810.0,1796.0,F,1.0
1628391,D.J. Wilson,MIL,24.0,2019-20,107.0,182.0,0.588,25.0,54.0,135.0,0.4,43.6,18.6,37,363.0,5,26,43,0.605,363.0,3156.0,25.0,25.7,-0.6999999999999993,58.8,54.900000000000006,3.8999999999999915,1.0,0.0,5.0,36.0,789.0,793.0,F,1.0
1627884,Derrick Jones Jr.,MIA,23.0,2019-20,485.0,751.0,0.646,30.1,164.0,373.0,0.44,45.1,15.0,58,1350.0,38,79,113,0.699,1375.0,2174.0,30.0,29.099999999999998,0.9000000000000021,64.8,66.9,-2.1000000000000085,22.0,0.0,38.0,56.0,2758.0,2705.0,F,2.0
1628405,Johnathan Motley,LAC,25.0,2019-20,17.0,22.0,0.773,34.4,5.0,12.0,0.417,53.1,18.8,13,41.0,0,4,6,0.667,41.0,3435.0,34.4,29.599999999999998,4.800000000000001,77.3,62.6,14.699999999999996,0.0,1.0,0.0,11.0,88.0,88.0,F,2.0
1629140,Johnathan Williams,WAS,25.0,2019-20,74.0,100.0,0.74,30.8,22.0,57.0,0.386,48.3,17.5,15,180.0,8,9,15,0.6,180.0,3291.0,30.8,32.5,-1.6999999999999993,74.0,66.2,7.799999999999997,5.0,0.0,8.0,14.0,367.0,363.0,F,1.0
1629650,Moses Brown,POR,20.0,2019-20,15.0,22.0,0.682,33.8,3.0,8.0,0.375,46.2,12.3,9,33.0,1,8,11,0.727,33.0,3534.0,33.800000000000004,33.300000000000004,0.5,68.2,59.599999999999994,8.600000000000009,0.0,0.0,1.0,8.0,71.0,73.0,C,1.0
202335,Patrick Patterson,LAC,31.0,2019-20,282.0,440.0,0.641,30.4,99.0,242.0,0.409,47.1,16.7,59,776.0,3,56,86,0.651,776.0,2700.0,30.3,29.5,0.8000000000000007,64.0,62.5,1.5,3.0,0.0,3.0,58.0,1655.0,1646.0,F,1.0
203092,Tyler Zeller,SAS,30.0,2019-20,0.0,0.0,0.0,,0.0,0.0,0.0,,,2,4.0,0,0,0,0.0,4.0,3439.0,0.0,31.900000000000002,-31.900000000000002,0.0,64.1,-64.1,,,,1.0,8.0,8.0,F-C,1.0
2199,Tyson Chandler,HOU,37.0,2019-20,88.0,127.0,0.693,31.1,24.0,58.0,0.414,45.3,14.2,26,219.0,8,34,46,0.739,219.0,3257.0,31.1,33.300000000000004,-2.200000000000003,69.3,66.0,3.299999999999997,6.0,0.0,8.0,25.0,475.0,476.0,C,1.0
1629738,Vincent Poirier,BOS,26.0,2019-20,41.0,75.0,0.547,31.2,13.0,38.0,0.342,47.1,15.8,22,130.0,9,16,28,0.571,130.0,3356.0,31.2,29.5,1.6999999999999993,54.7,63.2,-8.5,6.0,0.0,9.0,21.0,287.0,286.0,C-F,1.0
1630237,Anthony Lamb,HOU,23.0,2020-21,174.0,249.0,0.699,32.7,76.0,143.0,0.531,51.5,18.8,24,415.0,5,48,66,0.727,415.0,3046.0,32.5,31.3,1.1999999999999993,70.0,64.8,5.200000000000003,4.0,0.0,5.0,23.0,887.0,884.0,F,1.0
202687,Bismack Biyombo,CHA,28.0,2020-21,510.0,812.0,0.628,32.5,133.0,316.0,0.421,45.2,12.7,66,1349.0,74,136,244,0.557,1349.0,2122.0,32.300000000000004,33.1,-0.7999999999999972,62.9,65.7,-2.8000000000000043,48.0,4.0,74.0,65.0,2750.0,2700.0,C,1.0
1629002,Chimezie Metu,SAC,24.0,2020-21,190.0,283.0,0.671,32.3,81.0,166.0,0.488,51.3,18.9,36,488.0,18,77,118,0.653,488.0,2973.0,32.1,31.8,0.3000000000000007,66.9,67.0,-0.09999999999999432,14.0,5.0,18.0,35.0,1016.0,1024.0,F-C,1.0
1628998,Cody Martin,CHA,25.0,2020-21,320.0,497.0,0.644,32.1,91.0,202.0,0.45,45.2,13.1,52,849.0,12,70,100,0.7,849.0,2622.0,31.900000000000002,33.1,-1.1999999999999993,64.9,64.5,0.4000000000000057,7.0,1.0,12.0,51.0,1730.0,1705.0,F,1.0
1630187,Daniel Oturu,LAC,21.0,2020-21,60.0,96.0,0.625,35.0,21.0,47.0,0.447,52.2,17.2,30,161.0,7,15,26,0.577,161.0,3295.0,34.699999999999996,28.599999999999998,6.099999999999998,63.2,64.8,-1.5999999999999943,5.0,0.0,7.0,29.0,322.0,326.0,C,1.0
203121,Darius Miller,OKC,31.0,2020-21,63.0,102.0,0.618,28.1,29.0,75.0,0.387,48.8,20.7,18,197.0,5,9,16,0.563,197.0,3274.0,27.800000000000004,30.2,-2.399999999999995,62.4,67.10000000000001,-4.70000000000001,3.0,0.0,5.0,17.0,413.0,412.0,F,1.0
1629048,Goga Bitadze,IND,21.0,2020-21,230.0,396.0,0.581,37.2,81.0,175.0,0.463,53.6,16.4,45,561.0,60,91,172,0.529,561.0,2930.0,37.1,35.699999999999996,1.4000000000000057,58.199999999999996,62.0,-3.8000000000000043,41.0,5.0,60.0,44.0,1195.0,1189.0,C-F,1.0
1627826,Ivica Zubac,LAC,24.0,2020-21,489.0,771.0,0.634,26.4,268.0,609.0,0.44,47.2,20.8,72,1609.0,62,159,294,0.541,1609.0,1847.0,26.200000000000003,31.3,-5.099999999999998,63.6,65.60000000000001,-2.000000000000007,43.0,0.0,62.0,71.0,3245.0,3251.0,C,1.0
1629308,Juan Toscano-Anderson,GSW,28.0,2020-21,354.0,552.0,0.641,26.8,203.0,457.0,0.444,49.0,22.2,53,1108.0,26,108,162,0.667,1107.0,2354.0,26.700000000000003,27.200000000000003,-0.5,64.2,61.9,2.3000000000000043,13.0,4.0,26.0,52.0,2353.0,2352.0,F,1.0
1629103,Kelan Martin,IND,25.0,2020-21,132.0,234.0,0.564,38.4,36.0,96.0,0.375,54.2,15.8,35,323.0,10,20,33,0.606,322.0,3169.0,38.1,35.699999999999996,2.4000000000000057,56.49999999999999,61.9,-5.400000000000006,6.0,1.0,10.0,34.0,685.0,676.0,F,1.0
1629716,Marques Bolden,CLE,23.0,2020-21,3.0,9.0,0.333,18.4,1.0,2.0,0.5,22.4,4.1,6,29.0,2,0,0,0.0,29.0,3457.0,18.4,34.300000000000004,-15.900000000000006,33.300000000000004,61.9,-28.599999999999994,,,,5.0,59.0,57.0,C,1.0
1630208,Nick Richards,CHA,23.0,2020-21,20.0,38.0,0.526,32.8,5.0,8.0,0.625,39.7,6.9,18,63.0,0,6,9,0.667,63.0,3408.0,31.0,32.800000000000004,-1.8000000000000043,55.60000000000001,64.8,-9.199999999999989,0.0,0.0,0.0,17.0,130.0,131.0,C,1.0
1629605,Tacko Fall,BOS,25.0,2020-21,41.0,57.0,0.719,22.4,12.0,45.0,0.267,40.2,17.7,19,136.0,20,19,37,0.514,136.0,3340.0,22.0,26.700000000000003,-4.700000000000003,71.39999999999999,64.9,6.499999999999986,9.0,0.0,20.0,18.0,282.0,281.0,C,1.0
203648,Thanasis Antetokounmpo,MIL,28.0,2020-21,172.0,271.0,0.635,25.9,73.0,190.0,0.384,44.0,18.1,57,551.0,10,21,49,0.429,551.0,2915.0,25.7,24.9,0.8000000000000007,63.9,61.0,2.8999999999999986,6.0,0.0,10.0,55.0,1192.0,1153.0,F,2.0
1630192,Zeke Nnaji,DEN,20.0,2020-21,168.0,226.0,0.743,31.9,47.0,102.0,0.461,46.3,14.4,42,397.0,4,42,51,0.824,397.0,3099.0,31.5,27.800000000000004,3.6999999999999957,74.4,67.7,6.700000000000003,3.0,0.0,4.0,41.0,825.0,827.0,F-C,1.0
201933,Blake Griffin,BKN,33.0,2021-22,338.0,532.0,0.635,29.7,127.0,297.0,0.428,46.3,16.6,56,958.0,14,93,143,0.65,958.0,2993.0,29.599999999999998,30.2,-0.6000000000000014,63.5,64.60000000000001,-1.1000000000000085,11.0,0.0,14.0,55.0,1988.0,1977.0,F,1.0
1626246,Boban Marjanovic,DAL,33.0,2021-22,31.0,52.0,0.596,23.2,15.0,45.0,0.333,43.3,20.1,23,128.0,3,13,22,0.591,128.0,3823.0,23.200000000000003,28.599999999999998,-5.399999999999995,59.599999999999994,67.10000000000001,-7.500000000000014,2.0,0.0,3.0,21.0,257.0,257.0,C,2.0
203110,Draymond Green,GSW,32.0,2021-22,297.0,469.0,0.633,19.6,280.0,622.0,0.45,45.6,26.0,46,1329.0,50,87,150,0.58,1329.0,2619.0,19.1,24.9,-5.799999999999997,64.0,67.0,-3.0,9.0,0.0,50.0,45.0,2753.0,2756.0,F,1.0
1630532,Franz Wagner,ORL,20.0,2021-22,744.0,1203.0,0.618,26.8,327.0,801.0,0.408,44.7,17.9,79,2429.0,34,123,187,0.658,2429.0,1527.0,26.700000000000003,26.6,0.10000000000000142,62.0,68.2,-6.200000000000003,13.0,0.0,34.0,78.0,4983.0,4992.0,F,1.0
1630543,Isaiah Jackson,IND,20.0,2021-22,219.0,333.0,0.658,32.2,71.0,174.0,0.408,49.0,16.8,36,541.0,52,87,137,0.635,541.0,3435.0,32.1,31.5,0.6000000000000014,66.0,65.8,0.20000000000000284,34.0,2.0,52.0,35.0,1127.0,1132.0,F,1.0
1629111,Jock Landale,SAS,26.0,2021-22,222.0,373.0,0.595,33.6,73.0,172.0,0.424,49.1,15.5,54,589.0,14,73,136,0.537,589.0,3372.0,33.4,31.6,1.7999999999999972,59.599999999999994,62.5,-2.9000000000000057,7.0,1.0,14.0,53.0,1237.0,1228.0,C,1.0
1630228,Jonathan Kuminga,GSW,19.0,2021-22,357.0,528.0,0.676,24.3,197.0,454.0,0.434,45.2,20.9,69,1165.0,21,100,151,0.662,1185.0,2763.0,23.9,22.5,1.3999999999999986,67.9,65.3,2.6000000000000085,8.0,5.0,22.0,68.0,2363.0,2352.0,F,1.0
1629308,Juan Toscano-Anderson,GSW,29.0,2021-22,274.0,416.0,0.659,23.9,151.0,350.0,0.431,44.0,20.1,73,994.0,17,71,107,0.664,994.0,2954.0,23.599999999999998,22.7,0.8999999999999986,66.2,66.10000000000001,0.09999999999999432,7.0,0.0,17.0,70.0,2010.0,1974.0,F,3.0
1629021,Moritz Wagner,ORL,25.0,2021-22,305.0,443.0,0.688,24.9,161.0,343.0,0.469,44.3,19.3,63,960.0,13,81,119,0.681,960.0,2996.0,24.6,27.3,-2.6999999999999993,68.4,63.2,5.200000000000003,5.0,1.0,13.0,62.0,1995.0,1995.0,F-C,1.0
1630230,Naji Marshall,NOP,24.0,2021-22,270.0,393.0,0.687,29.8,89.0,195.0,0.456,44.6,14.8,55,736.0,8,45,65,0.692,735.0,3216.0,29.799999999999997,27.0,2.799999999999997,68.89999999999999,67.0,1.8999999999999915,4.0,0.0,8.0,54.0,1520.0,1509.0,F,1.0
1629674,Neemias Queta,SAC,22.0,2021-22,43.0,72.0,0.597,33.6,11.0,30.0,0.367,47.7,14.0,15,120.0,8,13,26,0.5,120.0,3841.0,33.2,30.4,2.8000000000000043,60.6,67.10000000000001,-6.500000000000007,4.0,0.0,8.0,14.0,246.0,246.0,C,1.0
1630209,Omer Yurtseven,MIA,24.0,2021-22,206.0,315.0,0.654,25.5,90.0,208.0,0.433,42.4,16.9,56,706.0,20,80,136,0.588,706.0,3265.0,25.4,26.3,-0.9000000000000021,65.5,65.9,-0.4000000000000057,11.0,1.0,20.0,55.0,1420.0,1414.0,C,1.0
1630194,Paul Reed,PHI,23.0,2021-22,108.0,150.0,0.72,28.6,31.0,94.0,0.33,46.6,17.9,38,303.0,14,37,64,0.578,302.0,3659.0,28.599999999999998,29.799999999999997,-1.1999999999999993,72.0,65.9,6.099999999999994,4.0,0.0,14.0,36.0,604.0,603.0,F,2.0
1629605,Tacko Fall,CLE,26.0,2021-22,14.0,20.0,0.7,20.6,3.0,13.0,0.231,34.0,13.4,11,59.0,6,4,7,0.571,59.0,3887.0,20.599999999999998,32.5,-11.900000000000002,70.0,60.4,9.600000000000001,,,,10.0,116.0,116.0,C,1.0
203648,Thanasis Antetokounmpo,MIL,29.0,2021-22,191.0,276.0,0.692,31.8,63.0,144.0,0.438,48.4,16.6,48,473.0,12,42,68,0.618,473.0,3478.0,31.7,24.5,7.199999999999999,69.1,65.7,3.3999999999999915,8.0,1.0,12.0,47.0,986.0,975.0,F,1.0
1626195,Willy Hernangomez,NOP,28.0,2021-22,310.0,452.0,0.686,30.2,128.0,244.0,0.525,46.4,16.3,50,839.0,19,121,176,0.688,839.0,3112.0,30.0,26.900000000000002,3.099999999999998,68.60000000000001,67.0,1.6000000000000085,8.0,0.0,19.0,49.0,1747.0,1735.0,C-F,1.0
1630582,Yves Pons,MEM,23.0,2021-22,29.0,47.0,0.617,33.6,10.0,21.0,0.476,48.6,15.0,12,71.0,4,5,11,0.455,71.0,3885.0,33.6,31.2,2.400000000000002,61.7,62.4,-0.6999999999999957,,,,11.0,151.0,152.0,F,1.0
202687,Bismack Biyombo,PHX,30.0,2022-23,29.0,49.0,0.592,25.5,13.0,44.0,0.295,48.4,22.9,7,100.0,16,12,33,0.364,100.0,337.0,25.5,34.9,-9.399999999999999,59.199999999999996,64.3,-5.100000000000001,6.0,1.0,11.0,6.0,200.0,201.0,C,1.0
1630550,JT Thor,CHA,20.0,2022-23,33.0,52.0,0.635,24.5,16.0,43.0,0.372,44.8,20.3,9,117.0,5,7,15,0.467,117.0,373.0,24.5,31.900000000000002,-7.400000000000002,63.5,60.6,2.8999999999999986,4.0,1.0,4.0,8.0,214.0,214.0,F,1.0
1629667,Jalen McDaniels,CHA,24.0,2022-23,86.0,141.0,0.61,28.9,38.0,87.0,0.437,46.7,17.8,10,259.0,6,17,27,0.63,259.0,231.0,28.7,31.900000000000002,-3.200000000000003,61.4,60.9,0.5,4.0,0.0,6.0,9.0,489.0,487.0,F-C,1.0
1630579,Jericho Sims,NYK,24.0,2022-23,4.0,7.0,0.571,33.3,1.0,2.0,0.5,42.9,9.5,4,11.0,1,3,3,1.0,11.0,431.0,33.300000000000004,29.2,4.100000000000005,57.099999999999994,62.2,-5.1000000000000085,0.0,0.0,0.0,3.0,23.0,23.0,C,1.0
201142,Kevin Durant,BKN,34.0,2022-23,137.0,203.0,0.675,29.5,43.0,119.0,0.361,46.9,17.3,10,373.0,20,24,45,0.533,373.0,112.0,29.299999999999997,28.9,0.3999999999999986,67.7,55.2,12.5,6.0,0.0,16.0,9.0,673.0,681.0,F,1.0
202693,Markieff Morris,BKN,33.0,2022-23,18.0,30.0,0.6,31.6,1.0,15.0,0.067,47.4,15.8,6,51.0,1,4,5,0.8,51.0,434.0,31.6,28.9,2.700000000000003,60.0,65.5,-5.5,1.0,1.0,1.0,5.0,91.0,89.0,F,1.0
203486,Mason Plumlee,CHA,32.0,2022-23,95.0,153.0,0.621,32.8,43.0,88.0,0.489,51.7,18.9,10,248.0,6,31,48,0.646,248.0,242.0,32.6,27.800000000000004,4.799999999999997,62.5,59.5,3.0,1.0,1.0,6.0,9.0,459.0,456.0,F-C,1.0
1629651,Nic Claxton,BKN,23.0,2022-23,98.0,156.0,0.628,30.1,28.0,84.0,0.333,46.2,16.2,10,285.0,24,35,65,0.538,285.0,200.0,29.9,28.199999999999996,1.7000000000000028,62.6,68.30000000000001,-5.70000000000001,6.0,0.0,17.0,9.0,523.0,511.0,F-C,1.0
1630208,Nick Richards,CHA,24.0,2022-23,54.0,95.0,0.568,25.5,39.0,79.0,0.494,46.6,21.2,10,197.0,6,16,32,0.5,197.0,293.0,25.5,33.5,-8.0,56.8,63.4,-6.600000000000001,4.0,2.0,5.0,9.0,375.0,377.0,C,1.0
1629023,P.J. Washington,CHA,24.0,2022-23,98.0,168.0,0.583,28.8,59.0,117.0,0.504,48.9,20.1,10,311.0,15,22,38,0.579,311.0,179.0,28.799999999999997,32.6,-3.8000000000000043,58.3,65.5,-7.200000000000003,5.0,0.0,10.0,9.0,588.0,582.0,F,1.0
1626220,Royce O'Neale,BKN,29.0,2022-23,129.0,205.0,0.629,30.4,42.0,113.0,0.372,47.2,16.8,10,362.0,7,26,32,0.813,362.0,123.0,30.099999999999998,26.200000000000003,3.899999999999995,63.1,71.39999999999999,-8.29999999999999,5.0,0.0,7.0,9.0,655.0,659.0,F,1.0
1630678,Terry Taylor,IND,23.0,2022-23,29.0,52.0,0.558,33.1,9.0,22.0,0.409,47.1,14.0,6,88.0,4,4,8,0.5,88.0,344.0,33.1,31.1,2.0,55.800000000000004,61.4,-5.599999999999994,2.0,0.0,4.0,5.0,197.0,193.0,F,1.0
101236,Chuck Hayes,TOR,31.0,2013-14,169.0,267.0,0.633,30.9,59.0,148.0,0.399,48.1,17.1,45,575.0,10,54,80,0.675,575.0,3416.0,30.8,34.1,-3.3000000000000007,63.5,59.4,4.100000000000001,7.0,0.0,10.0,44.0,1095.0,1081.0,C-F,1.0
200758,Ronnie Brewer,HOU,29.0,2013-14,72.0,111.0,0.649,36.9,10.0,41.0,0.244,50.5,13.6,23,158.0,1,5,6,0.833,158.0,3808.0,36.9,31.0,5.899999999999999,64.9,60.9,4.000000000000007,1.0,0.0,1.0,21.0,322.0,316.0,F,2.0
201189,Aaron Gray,TOR,29.0,2013-14,6.0,8.0,0.75,,3.0,8.0,0.375,,,3,14.0,0,3,3,1.0,20.0,3971.0,21.6,33.7,-12.100000000000001,75.0,59.9,15.100000000000001,0.0,0.0,0.0,2.0,26.0,26.0,C,1.0
201202,Joel Anthony,MIA,31.0,2013-14,11.0,16.0,0.688,24.6,4.0,11.0,0.364,41.5,16.9,12,37.0,4,3,3,1.0,37.0,3939.0,24.6,32.800000000000004,-8.200000000000003,68.8,60.6,8.199999999999996,3.0,0.0,4.0,10.0,72.0,72.0,C,2.0
201202,Joel Anthony,BOS,31.0,2013-14,58.0,87.0,0.667,33.5,23.0,49.0,0.469,52.3,18.8,21,149.0,8,16,27,0.593,149.0,3797.0,33.1,34.9,-1.7999999999999972,67.4,61.3,6.1000000000000085,6.0,2.0,8.0,18.0,303.0,292.0,C,3.0
201601,Luc Mbah a Moute,MIN,27.0,2013-14,311.0,486.0,0.64,34.5,86.0,214.0,0.402,49.8,15.2,55,807.0,9,62,89,0.697,807.0,3164.0,34.4,31.7,2.6999999999999993,64.3,65.2,-0.9000000000000057,7.0,0.0,9.0,54.0,1583.0,1551.0,F,1.0
201948,Austin Daye,TOR,26.0,2013-14,17.0,24.0,0.708,42.1,3.0,9.0,0.333,57.9,15.8,8,33.0,0,2,3,0.667,33.0,3958.0,42.1,33.6,8.5,70.8,59.8,11.0,0.0,0.0,0.0,7.0,70.0,69.0,F,1.0
202620,Arinze Onuaku,NOP,26.0,2013-14,7.0,11.0,0.636,,2.0,2.0,1.0,,,3,25.0,0,2,2,1.0,25.0,3946.0,32.4,34.9,-2.5,63.6,62.9,0.7000000000000028,0.0,0.0,0.0,2.0,48.0,49.0,F-C,1.0
202686,Jan Vesely,WAS,24.0,2013-14,130.0,223.0,0.583,31.0,55.0,119.0,0.462,47.6,16.6,33,470.0,19,33,56,0.589,470.0,3541.0,30.8,30.5,0.3000000000000007,58.599999999999994,62.6,-4.000000000000007,11.0,0.0,19.0,32.0,887.0,877.0,F,1.0
203112,Quincy Acy,TOR,23.0,2013-14,21.0,32.0,0.656,31.4,6.0,12.0,0.5,43.1,11.8,7,61.0,3,6,9,0.667,61.0,3930.0,31.4,33.7,-2.3000000000000043,65.60000000000001,59.8,5.800000000000011,2.0,0.0,3.0,6.0,122.0,124.0,F,1.0
203112,Quincy Acy,SAC,23.0,2013-14,234.0,377.0,0.621,28.6,103.0,227.0,0.454,45.8,17.2,56,786.0,23,52,99,0.525,786.0,3180.0,28.4,28.599999999999998,-0.1999999999999993,62.1,66.10000000000001,-4.000000000000007,16.0,8.0,23.0,55.0,1550.0,1527.0,F,1.0
203129,Tornike Shengelia,BKN,22.0,2013-14,53.0,78.0,0.679,34.4,11.0,22.0,0.5,44.1,9.7,16,130.0,1,6,10,0.6,137.0,3839.0,34.4,33.1,1.2999999999999972,67.9,60.5,7.400000000000006,1.0,0.0,1.0,15.0,254.0,255.0,F,1.0
203129,Tornike Shengelia,CHI,22.0,2013-14,4.0,6.0,0.667,,3.0,4.0,0.75,,,9,17.0,0,0,0,0.0,17.0,3969.0,22.2,30.2,-8.0,66.7,57.3,9.400000000000006,0.0,0.0,0.0,8.0,37.0,38.0,F,1.0
200779,Steve Novak,UTA,32.0,2014-15,43.0,77.0,0.558,39.9,10.0,22.0,0.455,51.3,11.4,22,109.0,1,6,10,0.6,109.0,3832.0,39.900000000000006,30.3,9.600000000000005,55.800000000000004,59.5,-3.6999999999999957,1.0,0.0,1.0,19.0,210.0,222.0,F,3.0
200779,Steve Novak,OKC,32.0,2014-15,32.0,48.0,0.667,30.0,10.0,22.0,0.455,43.8,13.8,13,88.0,1,9,14,0.643,88.0,3878.0,30.0,34.0,-4.0,66.7,57.9,8.800000000000004,1.0,0.0,1.0,12.0,176.0,182.0,F,1.0
201948,Austin Daye,SAS,27.0,2014-15,100.0,165.0,0.606,33.7,21.0,60.0,0.35,46.0,12.3,26,268.0,3,19,28,0.679,268.0,3723.0,33.7,33.0,0.7000000000000028,60.6,57.8,2.8000000000000043,2.0,0.0,3.0,24.0,544.0,535.0,F,2.0
202087,Alonzo Gee,DEN,28.0,2014-15,185.0,297.0,0.623,33.4,50.0,123.0,0.407,47.2,13.8,39,511.0,6,17,28,0.607,511.0,3465.0,33.1,32.1,1.0,62.4,60.5,1.8999999999999986,2.0,0.0,6.0,38.0,1044.0,1029.0,F,1.0
203109,Jae Crowder,DAL,24.0,2014-15,90.0,136.0,0.662,30.7,24.0,69.0,0.348,46.3,15.6,25,265.0,5,11,20,0.55,265.0,3711.0,30.7,30.7,0.0,66.2,61.6,4.600000000000001,3.0,0.0,5.0,24.0,527.0,522.0,F,1.0
203511,Grant Jerrett,OKC,21.0,2014-15,9.0,12.0,0.75,32.4,1.0,4.0,0.25,43.2,10.8,5,25.0,2,1,2,0.5,25.0,3941.0,32.4,33.900000000000006,-1.500000000000007,75.0,57.99999999999999,17.000000000000007,2.0,0.0,2.0,4.0,51.0,50.0,F,1.0
203939,Dwight Powell,BOS,23.0,2014-15,3.0,5.0,0.6,,2.0,4.0,0.5,,,5,9.0,0,1,1,1.0,9.0,3967.0,26.3,31.6,-5.300000000000001,60.0,61.199999999999996,-1.1999999999999957,0.0,0.0,0.0,3.0,22.0,22.0,F-C,2.0
203516,James Ennis III,MEM,25.0,2015-16,8.0,13.0,0.615,21.0,4.0,7.0,0.571,32.3,11.3,10,40.0,2,1,1,1.0,40.0,3926.0,21.0,31.5,-10.5,61.5,60.3,1.2000000000000028,1.0,0.0,2.0,9.0,82.0,80.0,F,1.0
201150,Spencer Hawes,CHA,29.0,2016-17,225.0,374.0,0.602,32.2,60.0,136.0,0.441,43.9,11.7,35,626.0,26,61,101,0.604,626.0,3340.0,32.2,30.5,1.7000000000000028,60.199999999999996,59.4,0.7999999999999972,22.0,3.0,26.0,34.0,1259.0,1277.0,F-C,1.0
203948,Johnny O'Bryant III,DEN,24.0,2016-17,24.0,31.0,0.774,37.3,3.0,6.0,0.5,44.6,7.2,7,46.0,1,5,7,0.714,46.0,3905.0,37.3,32.4,4.899999999999999,77.4,62.3,15.100000000000009,1.0,0.0,1.0,6.0,96.0,97.0,F-C,1.0
202337,Luke Babbitt,ATL,29.0,2017-18,190.0,281.0,0.676,27.6,63.0,143.0,0.441,41.6,14.0,36,545.0,5,53,78,0.679,570.0,3371.0,27.6,30.2,-2.599999999999998,67.60000000000001,62.4,5.20000000000001,2.0,0.0,5.0,35.0,1114.0,1116.0,F,1.0
203186,Willie Reed,LAC,28.0,2017-18,156.0,240.0,0.65,33.0,50.0,123.0,0.407,49.9,16.9,39,419.0,22,39,77,0.506,418.0,3523.0,32.800000000000004,30.5,2.3000000000000043,64.9,63.800000000000004,1.1000000000000014,20.0,1.0,22.0,38.0,880.0,875.0,F-C,1.0
1626246,Boban Marjanovic,DET,29.0,2017-18,37.0,55.0,0.673,18.2,19.0,49.0,0.388,34.3,16.2,19,171.0,6,18,27,0.667,171.0,3790.0,18.2,29.5,-11.3,67.30000000000001,66.2,1.1000000000000085,2.0,0.0,6.0,18.0,346.0,347.0,C,1.0
1627744,Brice Johnson,LAC,24.0,2017-18,12.0,16.0,0.75,22.9,2.0,12.0,0.167,40.0,17.1,9,38.0,2,3,5,0.6,38.0,3903.0,22.900000000000002,30.8,-7.899999999999999,75.0,63.800000000000004,11.199999999999996,0.0,0.0,2.0,8.0,87.0,82.0,F,1.0
1627883,Jalen Jones,DAL,25.0,2017-18,54.0,82.0,0.659,29.7,20.0,38.0,0.526,43.5,13.8,12,162.0,1,7,10,0.7,162.0,3799.0,29.7,27.200000000000003,2.4999999999999964,65.9,66.9,-1.0,0.0,0.0,1.0,10.0,321.0,316.0,F,2.0
1626174,Christian Wood,MIL,23.0,2018-19,25.0,38.0,0.658,29.9,8.0,18.0,0.444,44.1,14.2,13,62.0,0,4,6,0.667,62.0,3894.0,29.9,27.200000000000003,2.6999999999999957,65.8,57.9,7.899999999999999,0.0,0.0,0.0,12.0,136.0,133.0,F,1.0
1626246,Boban Marjanovic,LAC,30.0,2018-19,123.0,211.0,0.583,28.9,43.0,138.0,0.312,47.9,18.9,35,376.0,17,47,87,0.54,376.0,3590.0,28.799999999999997,34.8,-6.0,58.599999999999994,63.2,-4.6000000000000085,12.0,1.0,17.0,34.0,801.0,799.0,C,1.0
1627746,Skal Labissiere,POR,23.0,2018-19,25.0,38.0,0.658,28.6,12.0,21.0,0.571,44.4,15.8,9,63.0,3,7,9,0.778,63.0,3908.0,28.599999999999998,33.4,-4.800000000000001,65.8,60.9,4.899999999999999,2.0,0.0,3.0,8.0,136.0,139.0,F-C,1.0
203524,Solomon Hill,MIA,29.0,2019-20,59.0,92.0,0.641,27.2,11.0,45.0,0.244,40.5,13.3,11,187.0,5,6,17,0.353,187.0,3362.0,27.200000000000003,29.599999999999998,-2.399999999999995,64.1,66.10000000000001,-2.000000000000014,3.0,1.0,5.0,10.0,394.0,386.0,F,1.0
203943,Noah Vonleh,MIN,24.0,2019-20,126.0,207.0,0.609,31.0,53.0,136.0,0.39,51.3,20.4,29,347.0,6,35,62,0.565,347.0,2765.0,31.0,34.300000000000004,-3.3000000000000043,60.9,64.8,-3.8999999999999986,3.0,3.0,6.0,28.0,749.0,749.0,F,1.0
1628411,Wes Iwundu,NOP,26.0,2020-21,91.0,137.0,0.664,28.7,41.0,96.0,0.427,48.8,20.1,18,251.0,1,20,28,0.714,251.0,3235.0,28.499999999999996,29.299999999999997,-0.8000000000000007,66.9,65.8,1.1000000000000085,0.0,0.0,1.0,17.0,534.0,534.0,F,1.0
1629735,Chris Silva,MIA,24.0,2020-21,23.0,40.0,0.575,28.4,6.0,13.0,0.462,37.6,9.2,11,83.0,5,8,17,0.471,83.0,3393.0,27.700000000000003,27.3,0.40000000000000213,59.0,65.0,-6.0,4.0,2.0,5.0,10.0,171.0,171.0,F,1.0
1628400,Semi Ojeleye,LAC,27.0,2021-22,35.0,56.0,0.625,30.8,14.0,32.0,0.438,48.4,17.6,10,98.0,1,6,8,0.75,98.0,3858.0,30.2,30.599999999999998,-0.3999999999999986,63.6,62.2,1.3999999999999986,1.0,0.0,1.0,9.0,196.0,199.0,F,1.0
1628993,Alize Johnson,CHI,26.0,2021-22,57.0,83.0,0.687,38.6,14.0,25.0,0.56,50.2,11.6,16,121.0,0,14,22,0.636,120.0,3826.0,38.6,33.0,5.600000000000001,68.7,64.5,4.200000000000003,0.0,1.0,0.0,15.0,233.0,229.0,F,1.0
1629617,Reggie Perry,POR,22.0,2021-22,67.0,91.0,0.736,27.7,28.0,56.0,0.5,44.7,17.0,10,187.0,6,23,34,0.676,177.0,3769.0,28.4,31.3,-2.900000000000002,72.7,66.4,6.299999999999997,4.0,0.0,6.0,9.0,359.0,356.0,F-C,1.0
1629735,Chris Silva,MIA,25.0,2021-22,20.0,33.0,0.606,22.9,12.0,24.0,0.5,39.6,16.7,9,88.0,1,12,16,0.75,88.0,3883.0,22.900000000000002,26.200000000000003,-3.3000000000000007,60.6,66.0,-5.399999999999999,1.0,3.0,1.0,8.0,179.0,175.0,F,1.0
201858,Cartier Martin,ATL,29.0,2013-14,255.0,411.0,0.62,29.7,88.0,206.0,0.427,44.5,14.9,53,822.0,7,43,61,0.705,822.0,3144.0,29.5,33.2,-3.700000000000003,61.9,60.5,1.3999999999999986,4.0,0.0,7.0,52.0,1626.0,1605.0,F,1.0
1627855,Okaro White,MIA,25.0,2017-18,27.0,46.0,0.587,31.9,17.0,35.0,0.486,56.2,24.3,6,80.0,1,4,7,0.571,80.0,3906.0,31.900000000000002,31.6,0.3000000000000007,58.699999999999996,60.8,-2.1000000000000014,0.0,0.0,1.0,5.0,161.0,160.0,F,1.0
1629626,Bol Bol,DEN,22.0,2021-22,26.0,32.0,0.813,24.1,4.0,13.0,0.308,33.8,9.8,14,81.0,2,5,8,0.625,81.0,3880.0,24.099999999999998,28.299999999999997,-4.199999999999999,81.2,68.7,12.5,,,,13.0,169.0,170.0,C-F,1.0
